{
    "node_concentration": {
        "5": 0.052736583270977785,
        "4": 0.052736583270977785,
        "6": -3.0133522176840866e-40,
        "7": 0.0999998377501871,
        "2": -2.018945985848338e-39,
        "8": 0.052736583270977785,
        "3": 0.09999983775018709,
        "1": -2.7954973813518635e-42
    },
    "obj_fn_MR": 85.5866873890587,
    "obj_fn_GC": -4.351994348468632e-7,
    "total_h2": {
        "2": 2.1373735159134433,
        "3": 2.1373735159134433,
        "1": 3.706444219796946
    },
    "compressor_concentration": {
        "2": 4.923938595883115e-39,
        "3": 0.052736583270977785,
        "1": 2.8698592549372254e-42
    },
    "pipe_flows": {
        "5": 81.05847528767346,
        "4": 38.31093561160149,
        "2": 79.81204201112713,
        "3": 42.74753967607197,
        "1": 110.14178637110477
    },
    "pipe_concentration": {
        "5": 0.052736583270977785,
        "4": -1.1404820679120534e-38,
        "2": 0.0999998377501871,
        "3": 0.09999983775018709,
        "1": -3.7882142165171375e-40
    },
    "node_decarbpremium": {
        "2": 0.0005185609171794642,
        "3": 0.0005185609171794642,
        "1": 0.0008992425047533729
    },
    "carbon_intensity": {
        "2": 0.05278881425778185,
        "3": 0.05278881425778185,
        "1": 0.04586733084734715
    },
    "total_decarbpremium": 0.001936364339112301,
    "compressor_ratio": {
        "2": 0.9999999974552303,
        "3": 0.9999999971533051,
        "1": 0.9999999965847176
    },
    "total_ng": {
        "2": 38.39186412792329,
        "3": 38.39186412792329,
        "1": 33.35805811525821
    },
    "obj_fn_CEM": 3.872728598900209,
    "compressor_flows": {
        "2": 71.83085075950329,
        "3": 81.05847528767346,
        "1": 110.14178637110477
    },
    "node_calorific": {
        "5": 49.34709052724743,
        "4": 49.34709052724743,
        "6": 44.2,
        "7": 53.959984164418266,
        "2": 44.2,
        "8": 49.34709052724743,
        "3": 53.95998416441826,
        "1": 44.2
    },
    "withdrawal_flows": {
        "2": 40.52923764383673,
        "3": 40.52923764383673,
        "1": 37.06450233505515
    },
    "pressure": {
        "5": 3.1150362115636747e6,
        "4": 3.5049754566814825e6,
        "6": 3.9999999863388706e6,
        "7": 3.8923074903788487e6,
        "2": 3.892307500283875e6,
        "8": 3.5049754467038866e6,
        "3": 3.5210297631718516e6,
        "1": 4.0e6
    },
    "objective_fn": 89.45941642315834,
    "total_co2": {
        "1": 302.88991252053813
    },
    "injection_flows": {
        "2": 0.0,
        "3": 7.98119125162384,
        "1": 110.14178637110477
    },
    "withdrawal_energy": {
        "2": 1999.999959010736,
        "3": 1999.999959010736,
        "1": 1999.99995906162
    }
}