{
    "node_concentration": {
        "5": 3.387858875617279e-7,
        "4": 3.387858875617279e-7,
        "6": -6.364161363372936e-42,
        "7": 5.633209365222756e-7,
        "2": -1.9469861361178972e-38,
        "8": 3.387858875617279e-7,
        "3": 5.633209365222756e-7,
        "1": 6.988155813483825e-43
    },
    "obj_fn_MR": 86.85066798190002,
    "obj_fn_GC": -5.959794689240361e-7,
    "total_h2": {
        "2": 1.5329666374186295e-5,
        "3": 1.5329666374186295e-5,
        "1": 2.548960288485981e-5
    },
    "compressor_concentration": {
        "2": -1.0320194382326763e-38,
        "3": 3.387858875617279e-7,
        "1": -2.317963743498334e-43
    },
    "pipe_flows": {
        "5": 90.4976679194949,
        "4": 36.07161917694116,
        "2": 99.67486026769019,
        "3": 54.42604874255373,
        "1": 135.7464232956957
    },
    "pipe_concentration": {
        "5": 3.387858875617279e-7,
        "4": 2.415578999449012e-38,
        "2": 5.633209365222756e-7,
        "3": 5.633209365222756e-7,
        "1": -3.9468286509195877e-41
    },
    "node_decarbpremium": {
        "2": 0.0,
        "3": 0.0,
        "1": 0.0
    },
    "carbon_intensity": {
        "2": 0.06221712694792385,
        "3": 0.06221712694792385,
        "1": 0.06221708213042016
    },
    "total_decarbpremium": 0.0,
    "compressor_ratio": {
        "2": 0.9999999967511308,
        "3": 0.9999999969287086,
        "1": 0.9999999962858065
    },
    "total_ng": {
        "2": 45.248818630081075,
        "3": 45.248818630081075,
        "1": 45.24878603553357
    },
    "obj_fn_CEM": 0.0,
    "compressor_flows": {
        "2": 99.67480411875455,
        "3": 90.4976679194949,
        "1": 135.7464232956957
    },
    "node_calorific": {
        "5": 44.20003306550263,
        "4": 44.20003306550263,
        "6": 44.2,
        "7": 44.200054980123404,
        "2": 44.2,
        "8": 44.20003306550263,
        "3": 44.200054980123404,
        "1": 44.2
    },
    "withdrawal_flows": {
        "2": 45.24883395974745,
        "3": 45.24883395974745,
        "1": 45.24881152513645
    },
    "pressure": {
        "5": 3.1422452638775455e6,
        "4": 3.4883962111091777e6,
        "6": 3.999999985143226e6,
        "7": 3.835225295237274e6,
        "2": 3.835225307697419e6,
        "8": 3.4883962003952963e6,
        "3": 3.503238194399866e6,
        "1": 4.0e6
    },
    "objective_fn": 86.85066857787949,
    "total_co2": {
        "1": 373.3026640631632
    },
    "injection_flows": {
        "2": 0.0,
        "3": 5.61489356335527e-5,
        "1": 135.7464232956957
    },
    "withdrawal_energy": {
        "2": 1999.9999571962758,
        "3": 1999.9999571962758,
        "1": 1999.999957196273
    }
}