{
    "λd": {
        "2": 0.0005185389412227081,
        "3": 0.0005185389412227081,
        "1": 0.0008992184320273031
    },
    "ωce": {
        "2": -95.88327580913098,
        "3": 1.9962213933679846e-6,
        "1": -90.90908181818274
    },
    "ωe": {
        "5": 1.996221393367986e-6,
        "4": 4.974193990948259,
        "2": 5.277737699623188,
        "3": 0.37108202001578183,
        "1": -90.90908181818274
    },
    "βl": {
        "5": 1.2923305530007304e-18,
        "4": 2.76752377689362e-19,
        "6": 1.2987012892929643e-19,
        "7": 1.4781827173391255e-19,
        "2": 1.4781826988085327e-19,
        "8": 2.7675238358135473e-19,
        "3": 2.6756455419953795e-19,
        "1": 1.2987012690166982e-19
    },
    "χd": {
        "2": 2.2430495990774384e-8,
        "3": 2.2430495990774384e-8,
        "1": 2.4527265838336275e-8
    },
    "χg": {
        "2": 0.014905752971611435,
        "3": 0.014905752971611435,
        "1": 0.014918199653842465
    },
    "χlH2": {
        "2": 0.0,
        "3": 1.1298775414283757e-7
    },
    "χlNG": {
        "1": -7.232210680127432e-9
    },
    "μij": {
        "5": 2.842017312600013e-16,
        "4": 8.91818582579686e-14,
        "2": 8.918258537331556e-14,
        "3": 8.918249161757925e-14,
        "1": 3.813177056490726e-16
    },
    "θcl": {
        "2": 185.13353064134438,
        "3": 211.091982536402,
        "1": 286.8305495566028
    },
    "θe": {
        "2": -1.2725664075856868e-13,
        "3": -1.530748602287245e-18,
        "1": -2.410866666350335e-18
    },
    "ωu": {
        "5": -1.9962213933679863e-6,
        "4": -1.9962213933679863e-6,
        "6": 0.0,
        "7": -5.277737699623188,
        "2": 0.0,
        "8": -1.9962213933679863e-6,
        "3": -5.277737697029139,
        "1": 0.0
    },
    "χuNG": {
        "1": -0.0
    },
    "θu": {
        "2": -4.360103438665176e-20,
        "3": -3.8333197931204e-20,
        "1": -4.5453976660706786e-20
    },
    "θcu": {
        "2": 0.0,
        "3": 0.0,
        "1": 0.0
    },
    "λjNG": {
        "5": 0.18096574238370344,
        "4": 0.18096571432211198,
        "6": 0.19999996672615594,
        "7": 0.19999996846832058,
        "2": 0.19999999437815802,
        "8": 0.1809656856829987,
        "3": 0.19365373175081171,
        "1": 0.19999999276778935
    },
    "λjH2": {
        "5": 1.0657961281799857,
        "4": 1.0657957778873381,
        "6": 5.0512118834487625,
        "7": 0.799999887012246,
        "2": 3.400447432146665,
        "8": 1.065795798502085,
        "3": 0.9448878119625858,
        "1": 6.701976525256904
    },
    "χuH2": {
        "2": -5.901976525256903,
        "3": 0.0
    },
    "ωl": {
        "5": 0.0,
        "4": 0.0,
        "6": 90.90908181818274,
        "7": 0.0,
        "2": 90.90908181818273,
        "8": 0.0,
        "3": 0.0,
        "1": 90.90908181818274
    },
    "λjT": {
        "5": 0.004612808400107263,
        "4": 0.004612807487085727,
        "6": 0.004524886125026152,
        "7": 0.004818382862763793,
        "2": 0.004524886750637059,
        "8": 0.004612806959361951,
        "3": 0.004981043305450677,
        "1": 0.004524886714203378
    }
}