{
    "λd": {
        "2": -1.963638988390637e-8,
        "3": -1.963638988390637e-8,
        "1": -1.963642378560726e-8
    },
    "ωce": {
        "2": -109.39294119287932,
        "3": -2.6063894501455764,
        "1": -90.90908181818274
    },
    "ωe": {
        "5": -2.6063894501455764,
        "4": 18.483859374696586,
        "2": -1.5856862814504766,
        "3": 3.4119497406955666,
        "1": -90.90908181818274
    },
    "βl": {
        "5": 1.0405004347475222e-18,
        "4": 2.8687826441691844e-19,
        "6": 1.2987012910675681e-19,
        "7": 1.5923950910579443e-19,
        "2": 1.592395064399274e-19,
        "8": 2.8687827118382872e-19,
        "3": 2.777819593709894e-19,
        "1": 1.2987012690166982e-19
    },
    "χd": {
        "2": 2.0090924419302058e-8,
        "3": 2.0090924419302058e-8,
        "1": 2.009093438034256e-8
    },
    "χg": {
        "2": 0.014475111481494203,
        "3": 0.014475111481494203,
        "1": 0.014475110854876098
    },
    "χlH2": {
        "2": 0.0,
        "3": 0.01610605051630171
    },
    "χlNG": {
        "1": -5.6450988903089715e-9
    },
    "μij": {
        "5": 2.5501223825604234e-16,
        "4": 1.492674802685181e-16,
        "2": 3.0592048239976044e-16,
        "3": 2.7609057318637107e-16,
        "1": 3.6483473320710394e-16
    },
    "θcl": {
        "2": 259.57251108815063,
        "3": 235.6734753021569,
        "1": 353.50999681488315
    },
    "θe": {
        "2": -1.6139387024462177e-18,
        "3": -1.2892308759736013e-18,
        "1": -2.21408570515475e-18
    },
    "ωu": {
        "5": 0.0,
        "4": 0.0,
        "6": 0.0,
        "7": 0.0,
        "2": 0.0,
        "8": 0.0,
        "3": 0.0,
        "1": 0.0
    },
    "χuNG": {
        "1": -0.0
    },
    "θu": {
        "2": -4.2697703304992555e-20,
        "3": -3.81466935941132e-20,
        "1": -4.5453976638967755e-20
    },
    "θcu": {
        "2": 0.0,
        "3": 0.0,
        "1": 0.0
    },
    "λjNG": {
        "5": 0.2000000828511522,
        "4": 0.20000002712998777,
        "6": 0.19999996831326844,
        "7": 0.19999997608437287,
        "2": 0.20000000212600502,
        "8": 0.20000002060319744,
        "3": 0.20000005808625754,
        "1": 0.19999999435490112
    },
    "λjH2": {
        "5": 0.6704298278460319,
        "4": 0.7856320733652339,
        "6": 4.132844619757515,
        "7": 0.7838939494836984,
        "2": 2.7934491964458332,
        "8": 0.7280308156666904,
        "3": 0.7520771344898511,
        "1": 5.472240257278379
    },
    "χuH2": {
        "2": -4.672240257278379,
        "3": 0.0
    },
    "ωl": {
        "5": 2.606389450402335,
        "4": 2.6063894501455764,
        "6": 90.90908181818274,
        "7": 1.5856862814504769,
        "2": 90.90908181818274,
        "8": 2.6063894501455764,
        "3": 1.5856862814504904,
        "1": 90.90908181818274
    },
    "λjT": {
        "5": 0.004524888973040332,
        "4": 0.004524888595387887,
        "6": 0.004524886160933675,
        "7": 0.0045248881498905855,
        "2": 0.004524886925927715,
        "8": 0.004524888006219066,
        "3": 0.004524889599634495,
        "1": 0.0045248867501108845
    }
}