{
    "λd": {
        "5": 0.0001872036827338039,
        "16": -4.981270474921362e-8,
        "20": 0.0008991816701674846,
        "12": 0.000899181670167842,
        "24": 0.0008991816701674829,
        "8": 0.0007185985158780144,
        "17": 0.0008991103109748638,
        "1": 0.0007717988295863325,
        "19": 0.00045388191719444686,
        "22": 0.0004538819172461104,
        "23": 0.0006781257856023192,
        "6": 0.0007195054652153575,
        "11": 0.0008991103109748533,
        "9": 0.0008991103109747302,
        "14": 0.00018720368276606107,
        "3": -4.9812704731866386e-8,
        "7": 0.0008991816701674898,
        "25": -4.981270477523447e-8,
        "4": 0.0006295512178223856,
        "13": -4.981270473533583e-8,
        "15": 0.0006781257856049994,
        "2": 0.00018720368264730017,
        "10": 0.000719505479734912,
        "18": 0.0008991103109748117,
        "21": 0.0004538819171959283,
        "26": 0.0008991816701683936
    },
    "ωce": {
        "5": -184.4914278036523,
        "4": -184.4914278036523,
        "6": 553.474024493402,
        "2": -0.2815421665850796,
        "3": -15.611912563634856,
        "1": 0.18769319681482088
    },
    "ωe": {
        "5": -5.36180853324918,
        "16": -184.49130038603644,
        "20": -17.70035602377257,
        "35": -16.717432076582533,
        "12": 0.18769319681474772,
        "24": -15.542546539072479,
        "28": 110.28295391670858,
        "8": -6.554230213365079,
        "17": -0.6855295523693431,
        "30": 24.93047414781715,
        "1": -184.4914278036523,
        "19": -19.587838210369807,
        "22": 1.3325297903521522,
        "23": -12.934306019736526,
        "6": -5.164434669930562,
        "32": -184.4914278036523,
        "11": -3.4828072783283415,
        "36": -83.17112894571707,
        "37": -27.95762621604636,
        "9": -0.0004332861673975205,
        "31": 16.905125273397214,
        "14": -2.0695700130346917,
        "3": -11.304981491127723,
        "39": 41.06608322535508,
        "29": -184.4914278036523,
        "7": -3.816175718630831,
        "25": -184.4914278036523,
        "33": -184.4914278036523,
        "34": -10.967837119539132,
        "4": -184.4914278036523,
        "13": -2.883223084960835,
        "15": -1.6918947020842425,
        "2": -0.9024139658354233,
        "10": -0.00011881546749633066,
        "18": 63.63963347706012,
        "21": 16.36774457036234,
        "26": -294.77438172036085,
        "27": -2.1096346460713646,
        "38": -11.991450022739487
    },
    "βl": {
        "5": 6.841882505226974e-20,
        "16": 7.545987036258201e-20,
        "20": 9.372735477328799e-20,
        "35": 5.455384547022018e-19,
        "12": 1.5582533170902177e-12,
        "24": 1.1569399851099784e-19,
        "28": 6.950679850920587e-20,
        "8": 9.745653543350718e-20,
        "17": 2.3539796981708103e-19,
        "30": 8.752770278599333e-20,
        "1": 7.494320016563219e-20,
        "19": 7.132996573768976e-20,
        "22": 6.679000681645312e-13,
        "23": 6.058762699296521e-19,
        "6": 9.745653481745548e-20,
        "32": 2.1654664272273854e-19,
        "11": 7.494320158733602e-20,
        "36": 2.3207880030054203e-19,
        "37": 3.029346511631155e-19,
        "9": 6.429329857801794e-19,
        "31": 1.155274734097433e-19,
        "14": 9.525794031641153e-20,
        "3": 7.146201861279434e-20,
        "39": 6.83301663665587e-20,
        "29": 8.770793885744794e-20,
        "7": 6.83301670966069e-20,
        "25": 1.8818871803661227e-14,
        "33": 2.8652584410134916e-19,
        "40": 6.833016970962583e-20,
        "34": 5.446541121346546e-19,
        "4": 6.833017040392641e-20,
        "13": 9.59671226985484e-20,
        "15": 9.426609107325324e-20,
        "2": 7.132996607473632e-20,
        "10": 7.479112519861354e-20,
        "18": 4.379218718164754e-19,
        "21": 2.116680814173442e-19,
        "26": 9.745653543350726e-20,
        "27": 1.712497876693745e-19,
        "38": 1.1530715210632267e-19
    },
    "χd": {
        "5": 5.296050952719733e-8,
        "16": 5.09657650702218e-8,
        "20": 6.22197320532552e-8,
        "12": 6.221973169096432e-8,
        "24": 6.221973205325405e-8,
        "8": 9.844503898161008e-7,
        "17": 6.221863871490636e-8,
        "1": 6.033252608511443e-8,
        "19": 5.608678596736855e-8,
        "22": 5.6086785188936667e-8,
        "23": 5.901619441750803e-8,
        "6": 5.960531961528881e-8,
        "11": 6.221863898094498e-8,
        "9": 6.221863871490688e-8,
        "14": 5.296050953706379e-8,
        "3": 5.096576505685565e-8,
        "7": 6.221973205325494e-8,
        "25": 5.096576509563304e-8,
        "4": 9.178878721094184e-5,
        "13": 5.096576505685597e-8,
        "15": 5.9016194713089304e-8,
        "2": 5.296050943263035e-8,
        "10": 5.95905288617119e-8,
        "18": 6.221863897226568e-8,
        "21": 5.6086786051599456e-8,
        "26": 6.221973112925078e-8
    },
    "χg": {
        "5": 0.013247969851823412,
        "16": 0.014427617139265067,
        "20": 0.00906265063586402,
        "12": 0.009497288790621523,
        "24": 0.009062651957254033,
        "8": 1.2194086931639377e-9,
        "17": 0.014850400583789988,
        "1": 0.011548206515878536,
        "19": 0.011550267301385586,
        "22": 0.01341534524159331,
        "23": 0.011380277948695592,
        "6": 4.61679216031613e-6,
        "11": 0.014075290452875628,
        "9": 0.014850398964011132,
        "14": 0.013219673809091418,
        "3": 0.014475116549089714,
        "7": 0.009062650945240227,
        "25": 0.014338167352203812,
        "4": 1.1540713543808519e-9,
        "13": 0.01447511539935352,
        "15": 0.010844233290397113,
        "2": 0.013525451424431281,
        "10": 0.00898387016129609,
        "18": 0.014099298784881108,
        "21": 0.011379087131209407,
        "26": 0.010260222636598242
    },
    "χlH2": {
        "5": 7.3317117812035e-8,
        "4": 1.3674344531919541e-7,
        "6": 2.863802490034011e-7
    },
    "χlNG": {
        "2": -4.982972509302221e-9,
        "3": -6.005940708468054e-9,
        "1": -2.5297040013407414e-8
    },
    "μij": {
        "5": 2.388045476453691e-13,
        "16": 6.802742404213548e-17,
        "20": 1.7340348652932715e-13,
        "35": 1.7095270868045752e-13,
        "12": 5.493965139925699e-17,
        "24": 1.7465805580429912e-13,
        "28": 1.2529765086358296e-13,
        "8": 1.6036611210781343e-16,
        "17": 1.219719218858877e-13,
        "30": 1.2529762884814071e-13,
        "1": 2.2776906442054964e-16,
        "19": 2.4611826796735363e-13,
        "22": 1.7465806653688325e-13,
        "23": 1.7095268630893724e-13,
        "6": 2.235001368928674e-16,
        "32": 1.21605276671124e-13,
        "11": 1.810284511551904e-13,
        "36": 2.56498765369392e-13,
        "37": 2.3880475989552094e-13,
        "9": 2.9840599090857896e-13,
        "31": 1.481913353074649e-16,
        "14": 1.3376913156302568e-13,
        "3": 2.3880469784858824e-13,
        "39": 9.361568478253529e-14,
        "29": 1.2529763994269344e-13,
        "7": 2.996646296816624e-13,
        "25": 2.4611829748374156e-13,
        "33": 1.2015392761732092e-13,
        "34": 1.7095269753618187e-13,
        "4": 2.0822445143740219e-16,
        "13": 1.8102848281044451e-13,
        "15": 1.2197188383153965e-13,
        "2": 9.555256555247092e-14,
        "10": 2.496600342136867e-13,
        "18": 1.5494337991308337e-13,
        "21": 5.92308030982741e-17,
        "26": 1.1629813998231427e-13,
        "27": 1.2015393951227572e-13,
        "38": 2.388047345246758e-13
    },
    "θcl": {
        "5": 928.536998353969,
        "4": 775.4103300524528,
        "6": 1.4916691944456316e-5,
        "2": 77.219890689785,
        "3": 284.06933717336454,
        "1": 322.7860423911164
    },
    "θe": {
        "5": 6.832942894830393e-20,
        "4": 6.832943226456063e-20,
        "6": -9.527600726290747e-19,