{
    "node_concentration": {
        "5": -2.9775519488348814e-37,
        "35": 0.07663743722406823,
        "20": 0.017724789561156307,
        "16": 0.09999018155004663,
        "12": 0.07663743722406823,
        "24": 6.020104252717939e-39,
        "28": -7.600698715635381e-37,
        "8": -4.747729078647754e-33,
        "17": 0.07153406148653922,
        "37": 0.09999986925789246,
        "1": 0.09999018155004663,
        "23": 0.09999986925789248,
        "32": 0.08323065126702278,
        "22": 0.07663743722406823,
        "6": 0.09999018155004663,
        "19": -5.563843067319745e-37,
        "11": 0.09999018155004663,
        "36": 0.0455040825446575,
        "30": 0.017724789561156307,
        "31": -3.570517299568379e-39,
        "9": 0.09999986925789248,
        "14": 0.09999018155004662,
        "3": -3.3942099156313473e-37,
        "39": 1.7383642804803376e-37,
        "29": 0.017724789561156307,
        "33": 0.07153406148653922,
        "25": 0.07663743722406823,
        "7": 8.37704960523878e-37,
        "40": -1.0280142550615748e-36,
        "34": 0.09999986925789248,
        "4": -5.973348262013203e-37,
        "13": 0.09999018155004663,
        "15": 0.017724789561156307,
        "2": -1.4225922710596732e-36,
        "27": 0.09999986925789248,
        "38": -5.204800874456849e-44,
        "21": 0.04550408254465751,
        "26": 0.04550408254465751,
        "10": 0.09999018155004663,
        "18": 0.09999986925789246
    },
    "obj_fn_MR": 550.0462718780424,
    "obj_fn_GC": -1.0344140458840932e-6,
    "total_h2": {
        "5": 0.6174547897412802,
        "16": -2.7513839580763434e-35,
        "20": 2.9651558541878584,
        "12": 2.9651558714532644,
        "24": 2.965155854187914,
        "8": 0.13114117184071772,
        "17": 2.9649206983716465,
        "1": 2.5451185347880405,
        "19": 1.4968078057586156,
        "22": 1.4968078265328693,
        "23": 2.236237431729399,
        "6": 2.372095673496162,
        "11": 2.9649206856940404,
        "9": 2.964920698371622,
        "14": 0.6174547896262489,
        "3": 2.179223107100175e-37,
        "7": 2.965155854187871,
        "25": -2.014060697019157e-35,
        "4": 0.0043673118180740335,
        "13": -1.2924948600362456e-37,
        "15": 2.2362374205292586,
        "2": 0.6174547908438207,
        "21": 1.496807803510719,
        "10": 2.3726843395308426,
        "26": 2.965155898222396,
        "18": 2.9649206861076367
    },
    "compressor_concentration": {
        "5": 3.079898850678127e-37,
        "4": 1.5903347602023614e-37,
        "6": -5.479730021572833e-37,
        "2": 0.09999018155004663,
        "3": -1.276282324162511e-36,
        "1": 0.09999018155004663
    },
    "pipe_flows": {
        "5": 11.416646524570577,
        "35": 191.08886068378266,
        "20": 161.29340477363482,
        "16": 36.199092501036105,
        "12": 29.652118362117964,
        "24": 132.0236144559527,
        "28": 170.89551610538047,
        "8": 29.651597309002373,
        "17": 68.48166416984682,
        "37": 159.6746336825806,
        "1": 72.39820140996318,
        "23": 131.78462420898737,
        "32": 114.03088501327768,
        "22": 166.85927710858164,
        "6": 59.30319461800432,
        "19": 258.4813565834484,
        "11": 52.26356869996888,
        "36": 222.2162875397767,
        "30": 134.69642361383788,
        "31": 59.30423672423568,
        "9": 1.7681760842628347,
        "14": 79.19813906435228,
        "3": 100.37143845157672,
        "39": 75.9970423580804,
        "29": 170.89551610538047,
        "33": 111.32536112603341,
        "25": 356.55445257539105,
        "7": 32.72035506384904,
        "34": 161.43674244431685,
        "4": 1.640789120762578e-5,
        "13": 83.52472421187922,
        "15": 35.587740816008,
        "2": 33.78019822769003,
        "27": 111.32536112603341,
        "21": 34.83566271483225,
        "38": 130.02303593323282,
        "26": 126.85891499896721,
        "10": 0.05698666312790618,
        "18": 135.15578580077556
    },
    "pipe_concentration": {
        "5": 0.09999986925789248,
        "35": 0.09999018155004663,
        "20": 0.017724789561156307,
        "16": -7.648877503425584e-40,
        "12": 0.09999018155004663,
        "24": 0.017724789561156307,
        "28": -2.5258392097471133e-37,
        "8": 0.09999986925789248,
        "17": 0.04550408254465751,
        "37": 0.09999986925789248,
        "1": 2.091626515956179e-38,
        "23": 0.09999018155004663,
        "32": -1.2046480234954252e-36,
        "22": 0.017724789561156307,
        "6": 0.09999986925789248,
        "19": 0.017724789561156307,
        "11": 0.07153406148653922,
        "36": 0.04550408254465751,
        "30": -6.593577197380974e-37,
        "31": 0.09999018155004663,
        "9": 0.07663743722406823,
        "14": 0.08323065126702278,
        "3": 0.09999986925789246,
        "39": 0.09999986925789248,
        "29": -4.973854491258525e-37,
        "33": -4.005900008043875e-37,
        "25": 4.625743986927771e-37,
        "7": 0.07663743722406823,
        "34": 0.09999018155004662,
        "4": -4.747433176817849e-33,
        "13": 0.07153406148653922,
        "15": 0.0455040825446575,
        "2": 0.04550408254465751,
        "27": -1.4112640876043087e-37,
        "21": 0.017724789561156307,
        "38": 0.09999986925789246,
        "26": -5.8181291733542985e-37,
        "10": 0.07663743722406823,
        "18": 0.04550408254465751
    },
    "node_decarbpremium": {
        "5": 0.0001872554900959896,
        "16": -8.344121001254629e-39,
        "20": 0.0008992427368371255,
        "12": 0.0008992427368371251,
        "24": 0.0008992427368371255,
        "8": 0.0007195639171878182,
        "17": 0.0008991713765513071,
        "1": 0.0007718580090455135,
        "19": 0.0004539368509043118,
        "22": 0.0004539368509043118,
        "23": 0.000678183648721729,
        "6": 0.0007195639171878182,
        "11": 0.0008991713765513071,
        "9": 0.0008991713765513071,
        "14": 0.0001872554900959896,
        "3": 6.608929021421798e-41,
        "7": 0.0008992427368371255,
        "25": -6.108041052884533e-39,
        "4": 0.0007195639171878182,
        "13": -3.919748630923195e-41,
        "15": 0.000678183648721729,
        "2": 0.0001872554900959896,
        "21": 0.00045393685090431175,
        "10": 0.0007195639171878182,
        "26": 0.0008992427368371251,
        "18": 0.0008991713765513071
    },
    "carbon_intensity": {
        "5": 0.05881254929566321,
        "16": 0.06221719457013575,
        "20": 0.045867326627642556,
        "12": 0.045867326627642556,
        "24": 0.04586732662764255,
        "8": 0.049134214257629955,
        "17": 0.045868624087384714,
        "1": 0.048183412587490045,
        "19": 0.05396379728096645,
        "22": 0.05396379728096643,
        "23": 0.04988658277519522,
        "6": 0.049134214257629955,
        "11": 0.04586862408738471,
        "9": 0.0458686240873847,
        "14": 0.05881254929566321,
        "3": 0.062217194570135755,
        "7": 0.045867326627642556,
        "25": 0.06221719457013575,
        "4": 0.04913421425762996,
        "13": 0.06221719457013574,
        "15": 0.049886582775195226,
        "2": 0.05881254929566321,
        "21": 0.05396379728096644,
        "10": 0.049134214257629955,
        "26": 0.04586732662764255,
        "18": 0.045868624087384714
    },
    "total_decarbpremium": 0.015022957188632008,
    "compressor_ratio": {
        "5": 0.9999999959934522,
        "4": 0.9999999961896375,
        "6": 1.0576345402903704,
        "2": 1.00000000694585,
        "3": 0.999999998247296,
        "1": 0.9999999978577977
    },
    "total_ng": {
        "5": 34.218207862887674,
        "16": 36.19909249154262,
        "20": 26.68644145481396,
        "12": 26.68644161020284,
        "24": 26.686441454814457,
        "8": 1.5800482492942107,
        "17": 26.687197663746318,
        "1": 28.033982986630118,
        "19": 31.397115597480095,