{
    "λd": {
        "5": 0.002534167559990695,
        "16": 0.0025341659838732846,
        "20": 0.002534166916627516,
        "12": 0.002534166916631048,
        "24": 0.002534165983873231,
        "28": 0.002534166916628399,
        "8": 0.0025205694101276804,
        "17": 0.002534165983865713,
        "1": 0.00253416691663097,
        "19": 0.002534166916631074,
        "22": 0.002534166916632854,
        "23": 0.0025341669164968533,
        "6": 0.00253409277064838,
        "11": 0.002534165983873139,
        "9": 0.002534165983873231,
        "14": 0.0025341675599906965,
        "3": 0.0025341663497763563,
        "29": 0.002534167559990719,
        "7": 0.0025341669166275126,
        "25": 0.002534165983873264,
        "4": -0.27551250613245676,
        "13": 0.0025341663497763615,
        "15": 0.0025341669166302535,
        "2": 0.0025341675599907174,
        "10": 0.002534166916627491,
        "18": 0.0025341659838731424,
        "21": 0.002534166916630878,
        "26": -0.06301257785624129,
        "27": 0.0025341669166275118
    },
    "ωce": {
        "5": 10.009752334189567,
        "4": 7.0893183659730985,
        "6": -25.880072165813843,
        "2": -10.633981012908617,
        "3": -9.288735718303421,
        "1": 7.089318366920783
    },
    "ωe": {
        "5": -11.895345341434394,
        "16": 9.137840372038488,
        "20": -13.539949244368463,
        "35": -20.320549492437884,
        "12": 7.089318366465796,
        "24": -14.890712023193924,
        "28": 3.8717614724951113,
        "8": -4.284435065453975,
        "17": -5.953402882118418,
        "30": -17.04146847133216,
        "1": 7.604388082510926,
        "19": -16.226167940479243,
        "22": -7.44239758554486,
        "23": -20.244047757017608,
        "6": 2.217649068120317,
        "32": 7.089318366465796,
        "11": -23.9023925102876,
        "36": -11.032791194998222,
        "37": -6.965449343780418,
        "9": -33.85547594538151,
        "31": 4.094604856349441,
        "14": -16.410157150586507,
        "3": -9.71970776827251,
        "39": -9.22320336442724,
        "29": 7.089318366465796,
        "7": -33.9066606258829,
        "25": 10.009752334189567,
        "33": 7.089318366465796,
        "34": -18.148938466124545,
        "4": 7.604388082546281,
        "13": -19.639140750123214,
        "15": -14.102885989468403,
        "2": -9.658319516189382,
        "10": -17.136545237157808,
        "18": -7.47652964969251,
        "21": 5.486295577627471,
        "26": 3.217556893970684,
        "27": -9.572954326696708,
        "38": 8.568846972991539
    },
    "βl": {
        "5": 6.85201904669905e-20,
        "16": 8.780872047853771e-20,
        "20": 1.1114612775223983e-19,
        "35": 2.870694950319826e-18,
        "12": 1.539500657096812e-12,
        "24": 1.1612089023263307e-19,
        "28": 7.08987285287725e-20,
        "8": 1.157626768327196e-19,
        "17": 5.019666224628601e-19,
        "30": 1.0209342677930731e-19,
        "1": 8.710988802438342e-20,
        "19": 7.572718085848991e-20,
        "22": 1.539500604163839e-12,
        "23": 6.127441562772521e-18,
        "6": 1.1663326025256924e-19,
        "32": 4.356827690397007e-19,
        "11": 8.710988974876913e-20,
        "36": 4.886933972367408e-19,
        "37": 6.101729790934594e-19,
        "9": 1.46906927288303e-17,
        "31": 1.1592260718149125e-19,
        "14": 1.137273244178437e-19,
        "3": 7.611809748121412e-20,
        "39": 6.833017342545088e-20,
        "29": 1.0236940280037563e-19,
        "7": 6.833017414083092e-20,
        "25": 1.0273948552320055e-12,
        "33": 7.110625901179569e-19,
        "40": 6.833017723546089e-20,
        "34": 2.8675820436886935e-18,
        "4": 6.83301779532767e-20,
        "13": 1.1467300359566669e-19,
        "15": 1.1193341126171176e-19,
        "2": 7.57271813585473e-20,
        "10": 8.690449370588779e-20,
        "18": 1.3640774177530548e-18,
        "21": 4.08170852785477e-19,
        "26": 1.1663326103050844e-19,
        "27": 3.1875616310780413e-19,
        "38": 1.1530715210632267e-19
    },
    "χd": {
        "5": 6.221972367282005e-8,
        "16": 6.221971498965518e-8,
        "20": 6.22197256429553e-8,
        "12": 6.221972204012233e-8,
        "24": 6.221971504481775e-8,
        "28": 6.221972474591404e-8,
        "8": 1.3916476823039405e-5,
        "17": 6.221972270614162e-8,
        "1": 6.221972212518388e-8,
        "19": 6.221972201789791e-8,
        "22": 6.221972020230409e-8,
        "23": 6.221985876867958e-8,
        "6": 1.3776574268172638e-7,
        "11": 6.221971513810353e-8,
        "9": 6.22197150448176e-8,
        "14": 6.221972367537817e-8,
        "3": 6.221971699410051e-8,
        "29": 6.221972364767666e-8,
        "7": 6.22197256429606e-8,
        "25": 6.221971500768208e-8,
        "4": 0.28329686325710357,
        "13": 6.22197169941008e-8,
        "15": 6.22197228497432e-8,
        "2": 6.221972364767634e-8,
        "10": 6.221972566517796e-8,
        "18": 6.221971513516933e-8,
        "21": 6.221972221238208e-8,
        "26": 0.06678447258120467,
        "27": 6.221972564296342e-8
    },
    "χg": {
        "5": 0.016161188457902424,
        "16": 0.01668125985632112,
        "20": 0.007248825304288547,
        "12": 0.01139791461237923,
        "24": 0.01647001656024378,
        "28": 0.00797130397017059,
        "8": 1.1571213699053947e-9,
        "17": 0.0059700187556572335,
        "1": 0.011245940328850007,
        "19": 0.011438300808224512,
        "22": 0.01609814967326764,
        "23": 0.0005016251563538121,
        "6": 2.1016127067128025e-9,
        "11": 0.016124700418212116,
        "9": 0.016470017138488644,
        "14": 0.016151880961018432,
        "3": 0.01660120829392421,
        "29": 0.01625324464517052,
        "7": 0.007248821427310121,
        "25": 0.01661163285511416,
        "4": 1.1519431412361774e-9,
        "13": 0.016601207144806448,
        "15": 0.0100989456606446,
        "2": 0.016253245791999014,
        "10": 0.007232585794341168,
        "18": 0.016135341249943164,
        "21": 0.011094298559494934,
        "26": 1.1519439622495945e-9,
        "27": 0.007248819357480252
    },
    "χlH2": {
        "5": 5.575060881956404e-8,
        "4": 2.0255195190739022e-7,
        "6": 5.505442156901717e-8
    },
    "χlNG": {
        "2": -6.024931468947253e-9,
        "3": -5.947499816752782e-9,
        "1": -2.234021782799824e-8
    },
    "μij": {
        "5": 3.198132602678239e-13,
        "16": 6.815281425351357e-17,
        "20": 9.567321420101852e-14,
        "35": 1.1574807055482874e-13,
        "12": 5.926482346645528e-17,
        "24": 9.637293220277181e-14,
        "28": 8.477418694866423e-14,
        "8": 7.665687703230419e-16,
        "17": 1.715130766584788e-13,
        "30": 8.477415405717329e-14,
        "1": 3.640539242495893e-13,
        "19": 1.3579801728893941e-13,
        "22": 9.637295526845507e-14,
        "23": 1.1574803108999966e-13,
        "6": 9.125378417506039e-16,
        "32": 8.233612162948e-14,
        "11": 2.4894866547995663e-13,
        "36": 3.300660841030374e-13,
        "37": 3.1981486494792037e-13,
        "9": 3.5094166246025425e-13,
        "31": 4.687129111500236e-17,
        "14": 1.8044049060066854e-13,
        "3": 3.198147414859104e-13,
        "39": 8.162143887018802e-14,
        "29": 8.47741707834938e-14,
        "7": 4.0528489320429613e-13,
        "25": 1.3579808025588492e-13,
        "33": 8.135342765620502e-14,
        "34": 1.157480509041174e-13,
        "4": 3.6389338401824384e-13,
        "13": 2.489487226051289e-13,
        "15": 1.7151301967241687e-13,
        "2": 1.6092460592541887e-13,
        "10": 2.4815323145960234e-13,
        "18": 2.3518818121647434e-13,
        "21": 6.399020701157033e-17,
        "26": 7.88095235942719e-14,
        "27": 8.135344636896316e-14,
        "38": 3.198148267900769e-13
    },
    "θcl": {
        "5": 858.9367320199398,
        "4": 869.7625055660657,