{
    "λd": {
        "5": 0.0008991734564052865,
        "16": 0.000899174073878484,
        "20": 0.0008991723272263231,
        "12": 0.000899173836525758,
        "24": 0.0008991740738783748,
        "28": 0.0008991738364681142,
        "8": 0.0008801219362027801,
        "17": 0.0008991740738783713,
        "1": 0.0008991738365266783,
        "19": 0.0008991738365270192,
        "22": 0.0008991738365304331,
        "23": 0.0008991738365266237,
        "6": 0.0008990210723894101,
        "11": 0.0008991740738781822,
        "9": 0.0008991740738783782,
        "14": 0.0008991734564052847,
        "3": 0.0008991750994400711,
        "29": 0.0008991734564053454,
        "7": 0.0008991698928596072,
        "25": 0.0008991740738784493,
        "4": 0.0008198317803724652,
        "13": 0.0008991750994400728,
        "15": 0.0008991738365260937,
        "2": 0.0008991734564053402,
        "10": 0.0008991738365239348,
        "18": 0.0008991740738781891,
        "21": 0.0008991738365267069,
        "26": 0.0008991738365122419,
        "27": 0.0008991257920271041
    },
    "ωce": {
        "5": 1.4690283101320731,
        "4": 1.5741015543760641,
        "6": -8.205142276670358,
        "2": -2.3611547036666507,
        "3": -2.806502439140803,
        "1": 1.574101554411739
    },
    "ωe": {
        "5": -1.5319861694675512,
        "16": 3.2094146905521392,
        "20": -7.300768560950637,
        "35": -9.058107752629706,
        "12": 1.574101554408366,
        "24": -5.593052302022132,
        "28": 1.5253137019234442,
        "8": -1.3480205802140952,
        "17": -1.2332541587875112,
        "30": -5.070894173281623,
        "1": 1.7863095563690983,
        "19": -6.714306163808987,
        "22": -2.2516104757911988,
        "23": -6.826351958923208,
        "6": -0.5605262907459279,
        "32": 1.5741015543976176,
        "11": -5.379224507456945,
        "36": -9.258260994245893,
        "37": -5.854937098752364,
        "9": -6.023075469578982,
        "31": 3.9399337361658793,
        "14": -3.536599254627329,
        "3": -2.4165102893634574,
        "39": 1.3292755943452557,
        "29": 1.574101554385959,
        "7": -7.561753777864491,
        "25": 1.4690283101320731,
        "33": 1.5741015543976176,
        "34": -5.997953075314882,
        "4": 1.7863095563683595,
        "13": -4.386952800613238,
        "15": -2.984681979090965,
        "2": -2.066458839611132,
        "10": -2.172325690746094,
        "18": 1.9226559919948698,
        "21": 4.041673693057305,
        "26": 0.04878785246251483,
        "27": -2.851953800738228,
        "38": -3.0931906526914617
    },
    "βl": {
        "5": 6.852061203894736e-20,
        "16": 8.787389768297525e-20,
        "20": 1.1138214646889843e-19,
        "35": 7.123212056423869e-18,
        "12": 2.857638909427007e-12,
        "24": 1.162380538869549e-19,
        "28": 7.090469664136011e-20,
        "8": 1.1554221461657383e-19,
        "17": 5.803932558963934e-19,
        "30": 1.022594239935189e-19,
        "1": 8.717403183127536e-20,
        "19": 7.574771600082364e-20,
        "22": 1.5203177507544176e-12,
        "23": 2.7650599021703685e-17,
        "6": 1.169228163542482e-19,
        "32": 4.962775927547435e-19,
        "11": 8.717403355730455e-20,
        "36": 5.622501955721201e-19,
        "37": 9.817734234579803e-19,
        "9": 1.5704390881229015e-16,
        "31": 1.1603937096296326e-19,
        "14": 1.1398598984296388e-19,
        "3": 7.613997184725868e-20,
        "39": 6.833016944747345e-20,
        "29": 1.025362991831437e-19,
        "7": 6.833017016317456e-20,
        "25": 1.0961808952185455e-12,
        "33": 8.681529974589825e-19,
        "40": 6.833017176087295e-20,
        "34": 7.123212056423838e-18,
        "4": 6.833017247891634e-20,
        "13": 1.149408280110727e-19,
        "15": 1.12176816924883e-19,
        "2": 7.574771649628404e-20,
        "10": 8.696833538196535e-20,
        "18": 2.634429349065899e-18,
        "21": 4.570887174233975e-19,
        "26": 1.1692281712038766e-19,
        "27": 3.608260283533788e-19,
        "38": 1.1530715210632267e-19
    },
    "χd": {
        "5": 6.221960370644268e-8,
        "16": 6.221961285134021e-8,
        "20": 6.375741267151752e-8,
        "12": 6.221961431276963e-8,
        "24": 6.221961296468598e-8,
        "28": 6.22196730480702e-8,
        "8": 1.947386204934014e-5,
        "17": 6.221961296468525e-8,
        "1": 6.221961338073446e-8,
        "19": 6.221961303271492e-8,
        "22": 6.221960955170131e-8,
        "23": 6.221961343336034e-8,
        "6": 2.1786827620418258e-7,
        "11": 6.221961316217539e-8,
        "9": 6.221961296468579e-8,
        "14": 6.221960371194239e-8,
        "3": 6.22196285526226e-8,
        "29": 6.221960365271287e-8,
        "7": 6.623774562261938e-8,
        "25": 6.221961288811181e-8,
        "4": 8.090242967199989e-5,
        "13": 6.221962855262298e-8,
        "15": 6.221961396987452e-8,
        "2": 6.221960365271246e-8,
        "10": 6.221961617111586e-8,
        "18": 6.221961315584931e-8,
        "21": 6.221961334476931e-8,
        "26": 6.221962808428637e-8,
        "27": 1.1117129960326876e-7
    },
    "χg": {
        "5": 0.014165893216962072,
        "16": 0.015023840915851275,
        "20": 4.7805129177918425e-8,
        "12": 0.007273955885626271,
        "24": 0.014675506964319962,
        "28": 0.0010458515758924904,
        "8": 1.1556387964459356e-9,
        "17": 0.014675509159687709,
        "1": 0.00803305806857968,
        "19": 0.008358777540068127,
        "22": 0.014061816261786582,
        "23": 0.007986000893906699,
        "6": 1.6128761721793382e-9,
        "11": 0.014105674482241714,
        "9": 0.014675507542532272,
        "14": 0.014150526779344162,
        "3": 0.014923378410421212,
        "29": 0.014317791165162488,
        "7": 1.9006878880453347e-8,
        "25": 0.014909036248227045,
        "4": 1.1528303628420342e-9,
        "13": 0.014923377261307416,
        "15": 0.007535946751723382,
        "2": 0.01431779231198083,
        "10": 0.006120724422446863,
        "18": 0.014123240700198282,
        "21": 0.008065537815315346,
        "26": 0.0030355354954303693,
        "27": 2.617543889679354e-9
    },
    "χlH2": {
        "5": 5.565941687110173e-8,
        "4": 1.8578032405470782e-7,
        "6": 5.4989847126397756e-8
    },
    "χlNG": {
        "2": -6.014715716055138e-9,
        "3": -5.940255911791591e-9,
        "1": -2.0476389929184485e-8
    },
    "μij": {
        "5": 4.332097202927336e-13,
        "16": 6.818718821631227e-17,
        "20": 1.2277564729552705e-13,
        "35": 1.4853090892682784e-13,
        "12": 5.928681462760172e-17,
        "24": 1.236729032169014e-13,
        "28": 1.0878419757970327e-13,
        "8": 2.5063432173134177e-15,
        "17": 1.5781789660761084e-13,
        "30": 1.0878417194659621e-13,
        "1": 4.086576376740775e-13,
        "19": 1.7426658334829874e-13,
        "22": 1.2367292122915752e-13,
        "23": 1.4853087810154478e-13,
        "6": 2.7180471398271387e-15,
        "32": 1.0565581614388584e-13,
        "11": 1.7690428312580355e-13,
        "36": 3.9060353311308084e-13,
        "37": 4.332187427996017e-13,
        "9": 4.184713447862326e-13,
        "31": 4.6425506398853355e-17,
        "14": 7.99294522086403e-14,
        "3": 4.332185758538242e-13,
        "39": 1.87369617242117e-13,
        "29": 1.0878418498230777e-13,
        "7": 4.679374981938402e-13,
        "25": 1.7426663250880516e-13,
        "33": 1.0439483102613498e-13,
        "34": 1.485308935784726e-13,
        "4": 4.080973858825104e-13,
        "13": 1.769043812751534e-13,
        "15": 1.5781782535465456e-13,
        "2": 2.0370594160923467e-13,
        "10": 3.380910474665822e-13,
        "18": 2.5768705326437075e-13,
        "21": 6.404234886927827e-17,
        "26": 1.0113069417618188e-13,
        "27": 1.043948456129163e-13,
        "38": 4.3321869747502825e-13
    },