{
    "node_concentration": {
        "5": 0.09999883797089286,
        "35": 0.09999880574817721,
        "20": 0.09999875414177044,
        "16": 0.09999883797089287,
        "12": 0.0999988057481772,
        "24": 0.099998977202856,
        "28": 0.09999883797089286,
        "8": 0.099998977202856,
        "17": 0.09999880574817721,
        "37": 0.09999880574817722,
        "1": 0.09999883797089287,
        "23": 0.09999880574817724,
        "32": 0.09999880574817721,
        "22": 0.0999988057481772,
        "6": 0.09999883797089287,
        "19": 0.09999883797089286,
        "11": 0.09999883797089287,
        "36": 0.09999880574817722,
        "30": 0.09999875414177044,
        "31": 0.099998977202856,
        "9": 0.09999880574817724,
        "14": 0.09999883797089287,
        "3": 0.09999883797089286,
        "39": 0.09999875414177044,
        "29": 0.09999875414177044,
        "33": 0.09999880574817721,
        "25": 0.09999880574817721,
        "7": 0.09999875414177044,
        "40": 0.09999883797089285,
        "34": 0.09999880574817722,
        "4": 0.09999883797089286,
        "13": 0.09999883797089287,
        "15": 0.09999875414177044,
        "2": 0.09999883797089286,
        "27": 0.09999880574817722,
        "38": 0.099998977202856,
        "21": 0.09999880574817722,
        "26": 0.09999880574817721,
        "10": 0.09999883797089287,
        "18": 0.09999880574817721
    },
    "obj_fn_MR": 584.6102448995214,
    "obj_fn_GC": 0.034051376215322705,
    "total_h2": {
        "5": 2.9651289056792187,
        "16": 2.9651309555434375,
        "20": 2.893612411044857,
        "12": 2.965129930440924,
        "24": 2.9651309501418446,
        "28": 2.965127131361608,
        "8": 0.009473648436907343,
        "17": 2.9651309501418797,
        "1": 2.965129974857872,
        "23": 2.9651299723499407,
        "22": 2.9651301573338023,
        "19": 2.9651299914430487,
        "6": 0.8467925579494182,
        "11": 2.9651309407303112,
        "9": 2.9651309501418535,
        "14": 2.9651289054171253,
        "3": 2.9651343357420195,
        "29": 2.96512890823976,
        "7": 2.7852584470761554,
        "25": 2.965130953791054,
        "4": 0.0022803548881741675,
        "13": 2.9651343357420012,
        "15": 2.965129946781889,
        "2": 2.9651289082397794,
        "27": 1.6595042021393436,
        "21": 2.965129976571824,
        "26": 2.965129274147432,
        "10": 2.965129841879816,
        "18": 2.9651309410317856
    },
    "compressor_concentration": {
        "5": 0.09999875414177044,
        "4": 0.09999883797089285,
        "6": 0.099998977202856,
        "2": 0.09999883797089287,
        "3": 0.09999883797089286,
        "1": 0.09999883797089287
    },
    "pipe_flows": {
        "5": 5.216230753153234e-6,
        "35": 186.12094133863764,
        "20": 133.1946133798561,
        "16": 29.65164663361511,
        "12": 29.651654062269742,
        "24": 108.22077384013672,
        "28": 188.5494716399575,
        "8": 16.59524021035214,
        "17": 59.41425396540923,
        "37": 132.68790450158053,
        "1": 99.20862939104205,
        "23": 126.81763339931693,
        "32": 139.18917119222576,
        "22": 137.87243231455622,
        "6": 44.44815731508391,
        "19": 211.7637287481943,
        "11": 38.23721546401737,
        "36": 222.144236842363,
        "30": 158.8978175236715,
        "31": 59.30330812453922,
        "9": 0.11754143699156892,
        "14": 67.77792280189149,
        "3": 73.3846322160799,
        "39": 59.804678920961784,
        "29": 188.5494716399575,
        "33": 135.88673233322052,
        "25": 330.37036269446287,
        "7": 8.585568146049077,
        "34": 156.4692873674699,
        "4": 39.905336123812006,
        "13": 67.88886904724966,
        "15": 29.762600084274037,
        "2": 37.62489774492518,
        "27": 135.88673233322052,
        "21": 29.651658500025416,
        "38": 103.03625764477316,
        "26": 145.82974010053667,
        "10": 0.022803821216792225,
        "18": 126.69080574018365
    },
    "pipe_concentration": {
        "5": 0.09999880574817722,
        "35": 0.09999883797089287,
        "20": 0.09999875414177044,
        "16": 0.099998977202856,
        "12": 0.09999883797089287,
        "24": 0.09999875414177044,
        "28": 0.09999883797089286,
        "8": 0.09999880574817724,
        "17": 0.09999880574817722,
        "37": 0.09999880574817722,
        "1": 0.099998977202856,
        "23": 0.09999883797089287,
        "32": 0.09999883797089286,
        "22": 0.09999875414177044,
        "6": 0.09999880574817722,
        "19": 0.09999875414177044,
        "11": 0.09999880574817721,
        "36": 0.09999880574817721,
        "30": 0.09999883797089286,
        "31": 0.09999883797089287,
        "9": 0.09999880574817721,
        "14": 0.09999880574817721,
        "3": 0.09999880574817721,
        "39": 0.09999880574817722,
        "29": 0.09999883797089286,
        "33": 0.09999883797089286,
        "25": 0.09999875414177044,
        "7": 0.09999880574817721,
        "34": 0.09999883797089287,
        "4": 0.099998977202856,
        "13": 0.09999880574817721,
        "15": 0.09999880574817722,
        "2": 0.09999880574817722,
        "27": 0.09999883797089286,
        "21": 0.09999875414177044,
        "38": 0.09999880574817722,
        "26": 0.09999883797089286,
        "10": 0.0999988057481772,
        "18": 0.09999880574817721
    },
    "node_decarbpremium": {
        "5": 0.0008992345229466374,
        "16": 0.0008992351404289804,
        "20": 0.000899234903077622,
        "12": 0.000899234903077622,
        "24": 0.0008992351404289808,
        "28": 0.000899234903077622,
        "8": 0.0008992349030776217,
        "17": 0.0008992351404289808,
        "1": 0.000899234903077622,
        "23": 0.000899234903077622,
        "22": 0.000899234903077622,
        "19": 0.000899234903077622,
        "6": 0.000899234903077622,
        "11": 0.0008992351404289808,
        "9": 0.0008992351404289808,
        "14": 0.0008992345229466374,
        "3": 0.0008992361660062696,
        "29": 0.0008992345229466374,
        "7": 0.000899234903077622,
        "25": 0.0008992351404289804,
        "4": 0.0008992349030776217,
        "13": 0.0008992361660062696,
        "15": 0.000899234903077622,
        "2": 0.0008992345229466374,
        "27": 0.000899234903077622,
        "21": 0.000899234903077622,
        "26": 0.000899234903077622,
        "10": 0.000899234903077622,
        "18": 0.0008992351404289808
    },
    "carbon_intensity": {
        "5": 0.04586747597110597,
        "16": 0.04586746474415429,
        "20": 0.04586746905963352,
        "12": 0.045867469059633535,
        "24": 0.04586746474415428,
        "28": 0.045867469059633535,
        "8": 0.04586746905963353,
        "17": 0.04586746474415428,
        "1": 0.045867469059633535,
        "23": 0.04586746905963352,
        "22": 0.04586746905963353,
        "19": 0.04586746905963353,
        "6": 0.04586746905963352,
        "11": 0.04586746474415427,
        "9": 0.04586746474415428,
        "14": 0.045867475971105985,
        "3": 0.045867446097294484,
        "29": 0.04586747597110597,
        "7": 0.045867469059633535,
        "25": 0.045867464744154283,
        "4": 0.04586746905963353,
        "13": 0.04586744609729448,
        "15": 0.04586746905963353,
        "2": 0.04586747597110597,
        "27": 0.04586746905963353,
        "21": 0.04586746905963353,
        "26": 0.04586746905963352,
        "10": 0.04586746905963353,
        "18": 0.045867464744154283
    },
    "total_decarbpremium": 0.0260778148560439,
    "compressor_ratio": {
        "5": 0.9999999960721901,
        "4": 0.9999999960593356,
        "6": 1.001372816831276,
        "2": 1.0000000069460395,
        "3": 0.99999999761196,
        "1": 0.9999999979137164
    },
    "total_ng": {
        "5": 26.686529568740273,
        "16": 26.68652316074252,
        "20": 26.04285727372037,
        "12": 26.686523489379766,