{
    "λd": {
        "5": 0.0008991759125518573,
        "16": 0.0008991748327309909,
        "20": 0.0008991755159504016,
        "12": 0.0008991755159535285,
        "24": 0.0008991748327309389,
        "28": 0.0008991755159511415,
        "8": 0.0008868225408600077,
        "17": 0.0008991748327196415,
        "1": 0.0008991755159534678,
        "19": 0.0008991755159535667,
        "22": 0.0008991755159552355,
        "23": 0.0008991486164707878,
        "6": 0.0008991255032696346,
        "11": 0.0008991748327308573,
        "9": 0.0008991748327309406,
        "14": 0.0008991759125518556,
        "3": 0.0008991756109747642,
        "29": 0.0008991759125518816,
        "7": 0.0008991755159503973,
        "25": 0.0008991748327309753,
        "4": -0.277146483566954,
        "13": 0.0008991756109747642,
        "15": 0.0008991755159528277,
        "2": 0.0008991759125518799,
        "10": 0.0008991755159503774,
        "18": 0.0008991748327308591,
        "21": 0.0008991755159533966,
        "26": -0.07927556666225376,
        "27": 0.0008991755159503982
    },
    "ωce": {
        "5": 2.000089022575828,
        "4": 1.725803870116381,
        "6": -7.388770600654986,
        "2": -2.588708576406141,
        "3": -2.683240263389355,
        "1": 1.7258038701605956
    },
    "ωe": {
        "5": -2.819739192431992,
        "16": 2.736841674241508,
        "20": -5.872574133135306,
        "35": -7.591136977081989,
        "12": 1.7258038701202985,
        "24": -5.014214706946432,
        "28": 1.3153615792686704,
        "8": -0.944890976315979,
        "17": -1.535319521249829,
        "30": -4.867670649185536,
        "1": 1.9150839129710633,
        "19": -5.840749673223809,
        "22": -2.164267186856587,
        "23": -6.36465952128445,
        "6": 0.6199710814357706,
        "32": 1.7258038701402854,
        "11": -6.315437669137895,
        "36": -5.058850509883764,
        "37": -2.639838951658589,
        "9": -7.475325263705331,
        "31": 2.759683060428583,
        "14": -4.798417283978075,
        "3": -2.386668853245448,
        "39": -2.105690912664157,
        "29": 1.7258038701362575,
        "7": -8.088232414398673,
        "25": 2.000089022575828,
        "33": 1.7258038701402854,
        "34": -5.625953979059914,
        "4": 1.9150839129781798,
        "13": -3.606739038380841,
        "15": -3.8800251534481376,
        "2": -2.6840670015311696,
        "10": -3.7793237373134656,
        "18": -1.4099312334295435,
        "21": 3.01837447849705,
        "26": 0.4104422908675873,
        "27": -2.742414130750558,
        "38": 1.8897770246497223
    },
    "βl": {
        "5": 6.851966281355621e-20,
        "16": 8.772769221034542e-20,
        "20": 1.1085378860125594e-19,
        "35": 1.9410599310756364e-18,
        "12": 1.2738309537010964e-12,
        "24": 1.16054845276656e-19,
        "28": 7.089129313438255e-20,
        "8": 1.156588317940651e-19,
        "17": 4.2951958561290816e-19,
        "30": 1.0188757369114394e-19,
        "1": 8.703014426953824e-20,
        "19": 7.570161943037734e-20,
        "22": 1.2738309174607748e-12,
        "23": 3.0288695153135847e-18,
        "6": 1.16274936012428e-19,
        "32": 3.8548367307138214e-19,
        "11": 8.703014599187093e-20,
        "36": 4.212547505508212e-19,
        "37": 5.494991479785847e-19,
        "9": 4.254843089867167e-18,
        "31": 1.1585678762384351e-19,
        "14": 1.1340705063927154e-19,
        "3": 7.609087054980036e-20,
        "39": 6.833017654882406e-20,
        "29": 1.0216243627581486e-19,
        "7": 6.833017726380314e-20,
        "25": 8.496353752565435e-13,
        "33": 5.874652067954247e-19,
        "40": 6.833018153251664e-20,
        "34": 1.9391807438917277e-18,
        "4": 6.833018225004861e-20,
        "13": 1.1434144020658057e-19,
        "15": 1.1163196208603415e-19,
        "2": 7.57016199312511e-20,
        "10": 8.682512552197112e-20,
        "18": 1.104875478029946e-18,
        "21": 3.642213701309254e-19,
        "26": 1.162749367892942e-19,
        "27": 3.0002982106407287e-19,
        "38": 1.1530715210632267e-19
    },
    "χd": {
        "5": 6.221964106292791e-8,
        "16": 6.221962443582428e-8,
        "20": 6.221963994705282e-8,
        "12": 6.22196367632476e-8,
        "24": 6.221962448740263e-8,
        "28": 6.221963918953692e-8,
        "8": 1.2648446185917587e-5,
        "17": 6.221963600058222e-8,
        "1": 6.221963682425304e-8,
        "19": 6.221963672624518e-8,
        "22": 6.221963501957772e-8,
        "23": 8.962704115248847e-8,
        "6": 1.1317667059264323e-7,
        "11": 6.221962457408372e-8,
        "9": 6.221962448740245e-8,
        "14": 6.221964106529701e-8,
        "3": 6.221963634693297e-8,
        "29": 6.221964103960294e-8,
        "7": 6.221963994705414e-8,
        "25": 6.221962445270385e-8,
        "4": 0.28329583750723264,
        "13": 6.221963634693333e-8,
        "15": 6.22196374730715e-8,
        "2": 6.221964103960255e-8,
        "10": 6.221963996815825e-8,
        "18": 6.221962457136745e-8,
        "21": 6.221963689634685e-8,
        "26": 0.08168868062416325,
        "27": 6.221963994705384e-8
    },
    "χg": {
        "5": 0.01465782299564633,
        "16": 0.015054456347195839,
        "20": 0.007292410483480072,
        "12": 0.010781510549213091,
        "24": 0.014893266071290403,
        "28": 0.0079007520467097,
        "8": 1.1576430804045468e-9,
        "17": 0.004393268266762548,
        "1": 0.010683565912367377,
        "19": 0.010841798062839475,
        "22": 0.014609795649830764,
        "23": 3.769617462373423e-9,
        "6": 2.559867725568518e-9,
        "11": 0.014630011891553187,
        "9": 0.014893266649575984,
        "14": 0.01465073161512742,
        "3": 0.01498954504618585,
        "29": 0.014728009043028649,
        "7": 0.0072924095018445205,
        "25": 0.015001322372269577,
        "4": 1.1519431412367655e-9,
        "13": 0.014989543897065829,
        "15": 0.00974229043781536,
        "2": 0.014728010189869757,
        "10": 0.007276799800740914,
        "18": 0.0146381199993201,
        "21": 0.010570088593165168,
        "26": 1.1519437662482017e-9,
        "27": 0.007292409721466165
    },
    "χlH2": {
        "5": 5.586564732437782e-8,
        "4": 2.1428808511856466e-7,
        "6": 5.513601381459432e-8
    },
    "χlNG": {
        "2": -6.037674175613362e-9,
        "3": -5.956518898718884e-9,
        "1": -2.3644121500057122e-8
    },
    "μij": {
        "5": 2.925148950974653e-13,
        "16": 6.813343006509241e-17,
        "20": 8.364187349491566e-14,
        "35": 1.0119769385476621e-13,
        "12": 5.923747268226773e-17,
        "24": 8.425415970572888e-14,
        "28": 7.411763893413557e-14,
        "8": 4.1254538426221095e-16,
        "17": 1.5560523267184972e-13,
        "30": 7.411760131569079e-14,
        "1": 3.3418380414089206e-13,
        "19": 1.1872119425026424e-13,
        "22": 8.425418601968981e-14,
        "23": 1.0119764884443902e-13,
        "6": 5.397670286058304e-16,
        "32": 7.198588025835765e-14,
        "11": 2.2433680849369026e-13,
        "36": 3.0024781017248734e-13,
        "37": 2.925156388032143e-13,
        "9": 3.192279355670738e-13,
        "31": 4.7423062954091127e-17,
        "14": 1.6159849238086142e-13,
        "3": 2.925155256897085e-13,
        "39": 6.770034392643934e-14,
        "29": 7.411762044489755e-14,
        "7": 3.6863517175745455e-13,
        "25": 1.1872126610477722e-13,
        "33": 7.112670039430327e-14,
        "34": 1.0119767144193823e-13,
        "4": 3.3400122551019256e-13,
        "13": 2.2433686086711966e-13,
        "15": 1.5560517852790115e-13,
        "2": 1.4673360757279348e-13,
        "10": 2.2572823958914476e-13,
        "18": 2.1387789646200546e-13,
        "21": 6.39254873458247e-17,
        "26": 6.890237039894384e-14,
        "27": 7.11267217899594e-14,
        "38": 2.9251560123267974e-13
    },
    "θcl": {
        "5": 857.1801971173431,