{
    "node_concentration": {
        "5": 0.09999974976205243,
        "35": 0.09999979469604824,
        "20": 0.09999982568864038,
        "16": 0.09999974976205243,
        "12": 0.09999979469604824,
        "24": 0.09999976738876468,
        "28": 0.09999974976205243,
        "8": 0.09999976738876468,
        "17": 0.09999979469604824,
        "37": 0.09999979469604822,
        "1": 0.09999974976205243,
        "23": 0.09999979469604822,
        "32": 0.09999979469604824,
        "22": 0.09999979469604825,
        "6": 0.09999974976205245,
        "19": 0.09999974976205243,
        "11": 0.09999974976205243,
        "36": 0.09999979469604824,
        "30": 0.09999982568864038,
        "31": 0.09999976738876468,
        "9": 0.09999979469604822,
        "14": 0.09999974976205243,
        "3": 0.09999974976205243,
        "39": 0.09999982568864038,
        "29": 0.09999982568864038,
        "33": 0.09999979469604824,
        "25": 0.09999979469604825,
        "7": 0.09999982568864038,
        "40": 0.09999974976205242,
        "34": 0.09999979469604822,
        "4": 0.09999974976205243,
        "13": 0.09999974976205245,
        "15": 0.0999998256886404,
        "2": 0.09999974976205243,
        "27": 0.09999979469604822,
        "38": 0.09999976738876468,
        "21": 0.09999979469604824,
        "26": 0.09999979469604821,
        "10": 0.09999974976205243,
        "18": 0.09999979469604822
    },
    "obj_fn_MR": 544.0139002667138,
    "obj_fn_GC": 0.008692332466072733,
    "total_h2": {
        "5": 2.9651549616695,
        "16": 2.965153124130887,
        "20": 2.9651539488004053,
        "12": 2.9651541204976453,
        "24": 2.965153121502051,
        "28": 2.9651539915499585,
        "8": 0.013257031031525422,
        "17": 2.965152756392763,
        "1": 2.9651541164439377,
        "23": 2.9651476045514826,
        "22": 2.965154208081041,
        "19": 2.9651541215567763,
        "6": 1.3391650111187974,
        "11": 2.965153117056408,
        "9": 2.965153121502058,
        "14": 2.9651549615475896,
        "3": 2.9651535512670075,
        "29": 2.965154962867738,
        "7": 2.965153948800152,
        "25": 2.9651531232717945,
        "4": 6.142456664614976e-7,
        "13": 2.9651535512669938,
        "15": 2.9651540819142093,
        "2": 2.9651549628677527,
        "27": 2.9651539488000176,
        "21": 2.965154112288404,
        "26": 2.725501354738695e-6,
        "10": 2.965153947741358,
        "18": 2.965153117196241
    },
    "compressor_concentration": {
        "5": 0.09999982568864038,
        "4": 0.09999974976205242,
        "6": 0.09999976738876468,
        "2": 0.09999974976205243,
        "3": 0.09999974976205243,
        "1": 0.09999974976205245
    },
    "pipe_flows": {
        "5": 4.069424914871446,
        "35": 185.72726152946632,
        "20": 132.92558146531766,
        "16": 29.651604485633566,
        "12": 29.651601763487303,
        "24": 107.94784632913044,
        "28": 188.33814951102943,
        "8": 29.65160036390749,
        "17": 59.01276338156043,
        "37": 122.67585405307642,
        "1": 91.00076529649388,
        "23": 126.42405078780243,
        "32": 138.98989239817155,
        "22": 137.59944763193482,
        "6": 59.303200727816325,
        "19": 211.22182649286282,
        "11": 39.1064297682379,
        "36": 215.4225612948778,
        "30": 158.68654407015168,
        "31": 59.3032071780767,
        "9": 0.1325767249571743,
        "14": 69.04840700181622,
        "3": 93.02422600659914,
        "39": 63.09510516091407,
        "29": 188.33814951102943,
        "33": 135.69218172396077,
        "25": 329.82823172682623,
        "7": 13.524254329788478,
        "34": 156.0756561579352,
        "4": 31.69755632522689,
        "13": 68.75803146329005,
        "15": 29.361161382765722,
        "2": 35.604903881252255,
        "27": 135.69218172396077,
        "21": 29.651601314786927,
        "38": 122.67582679800691,
        "26": 145.64713548426744,
        "10": 6.142469275347135e-6,
        "18": 124.26926935429131
    },
    "pipe_concentration": {
        "5": 0.09999979469604822,
        "35": 0.09999974976205243,
        "20": 0.09999982568864038,
        "16": 0.09999976738876468,
        "12": 0.09999974976205243,
        "24": 0.09999982568864038,
        "28": 0.09999974976205243,
        "8": 0.09999979469604822,
        "17": 0.09999979469604824,
        "37": 0.09999979469604822,
        "1": 0.09999976738876468,
        "23": 0.09999974976205245,
        "32": 0.09999974976205243,
        "22": 0.09999982568864038,
        "6": 0.09999979469604822,
        "19": 0.0999998256886404,
        "11": 0.09999979469604824,
        "36": 0.09999979469604821,
        "30": 0.09999974976205243,
        "31": 0.09999974976205243,
        "9": 0.09999979469604825,
        "14": 0.09999979469604824,
        "3": 0.09999979469604822,
        "39": 0.09999979469604822,
        "29": 0.09999974976205243,
        "33": 0.09999974976205243,
        "25": 0.09999982568864038,
        "7": 0.09999979469604824,
        "34": 0.09999974976205243,
        "4": 0.09999976738876468,
        "13": 0.09999979469604824,
        "15": 0.09999979469604824,
        "2": 0.09999979469604824,
        "27": 0.09999974976205243,
        "21": 0.09999982568864038,
        "38": 0.09999979469604822,
        "26": 0.09999974976205243,
        "10": 0.09999979469604825,
        "18": 0.09999979469604821
    },
    "node_decarbpremium": {
        "5": 0.0025342286266520167,
        "16": 0.002534227050525927,
        "20": 0.0025342279832907067,
        "12": 0.0025342279832907067,
        "24": 0.002534227050525927,
        "28": 0.0025342279832907067,
        "8": 0.002534227983290707,
        "17": 0.002534227050525927,
        "1": 0.0025342279832907067,
        "23": 0.0025342279832907067,
        "22": 0.002534227983290706,
        "19": 0.0025342279832907067,
        "6": 0.002534227983290707,
        "11": 0.002534227050525927,
        "9": 0.002534227050525927,
        "14": 0.0025342286266520175,
        "3": 0.0025342274164310043,
        "29": 0.0025342286266520167,
        "7": 0.0025342279832907067,
        "25": 0.002534227050525927,
        "4": 0.0025342279832907067,
        "13": 0.0025342274164310043,
        "15": 0.0025342279832907067,
        "2": 0.0025342286266520167,
        "27": 0.0025342279832907067,
        "21": 0.0025342279832907067,
        "26": 0.0025342279832907067,
        "10": 0.0025342279832907067,
        "18": 0.002534227050525927
    },
    "carbon_intensity": {
        "5": 0.04586733246270337,
        "16": 0.045867342631258794,
        "20": 0.04586733661342152,
        "12": 0.04586733661342151,
        "24": 0.045867342631258794,
        "28": 0.0458673366134215,
        "8": 0.04586733661342151,
        "17": 0.0458673426312588,
        "1": 0.0458673366134215,
        "23": 0.04586733661342151,
        "22": 0.04586733661342151,
        "19": 0.0458673366134215,
        "6": 0.04586733661342152,
        "11": 0.0458673426312588,
        "9": 0.04586734263125881,
        "14": 0.04586733246270337,
        "3": 0.04586734027058088,
        "29": 0.04586733246270338,
        "7": 0.0458673366134215,
        "25": 0.0458673426312588,
        "4": 0.04586733661342151,
        "13": 0.045867340270580884,
        "15": 0.04586733661342151,
        "2": 0.04586733246270337,
        "27": 0.04586733661342151,
        "21": 0.04586733661342151,
        "26": 0.04586733661342151,
        "10": 0.0458673366134215,
        "18": 0.0458673426312588
    },
    "total_decarbpremium": 0.0734926064258029,
    "compressor_ratio": {
        "5": 0.9999999960739524,
        "4": 0.9999999960605851,
        "6": 1.000441146487145,
        "2": 1.0000000069460606,
        "3": 0.9999999975889732,
        "1": 0.9999999978744131
    },
    "total_ng": {
        "5": 26.686446341134875,
        "16": 26.68645231674686,
        "20": 26.68644641511096,