{
    "node_concentration": {
        "5": 0.09999894099397215,
        "35": 0.09999903374968594,
        "20": 0.09999908759233515,
        "16": 0.09999894099397214,
        "12": 0.09999903374968591,
        "24": 0.09999904664968576,
        "28": 0.09999894099397214,
        "8": 0.09999904664968576,
        "17": 0.09999903374968591,
        "37": 0.09999903374968593,
        "1": 0.09999894099397214,
        "23": 0.09999903374968594,
        "32": 0.09999903374968591,
        "22": 0.09999903374968591,
        "6": 0.09999894099397216,
        "19": 0.09999894099397215,
        "11": 0.09999894099397214,
        "36": 0.09999903374968591,
        "30": 0.09999908759233515,
        "31": 0.09999904664968576,
        "9": 0.09999903374968594,
        "14": 0.09999894099397216,
        "3": 0.09999894099397215,
        "39": 0.09999908759233518,
        "29": 0.09999908759233515,
        "33": 0.09999903374968593,
        "25": 0.09999903374968593,
        "7": 0.09999908759233518,
        "40": 0.09999894099397214,
        "34": 0.09999903374968593,
        "4": 0.09999894099397215,
        "13": 0.09999894099397216,
        "15": 0.09999908759233515,
        "2": 0.09999894099397215,
        "27": 0.09999903374968593,
        "38": 0.09999904664968576,
        "21": 0.09999903374968591,
        "26": 0.09999903374968591,
        "10": 0.09999894099397214,
        "18": 0.09999903374968593
    },
    "obj_fn_MR": 544.4493058763477,
    "obj_fn_GC": 0.009078353596809502,
    "total_h2": {
        "5": 2.965137012781053,
        "16": 2.965133458278792,
        "20": 2.965135469436242,
        "12": 2.965135621163484,
        "24": 2.965133455820778,
        "28": 2.9651355055363755,
        "8": 0.01458596453884218,
        "17": 2.9651329071497052,
        "1": 2.9651356182562116,
        "23": 2.058415160387486,
        "22": 2.965135704259724,
        "19": 2.9651356229268693,
        "6": 1.6301032571916199,
        "11": 2.9651334516899115,
        "9": 2.9651334558207867,
        "14": 2.965137012668151,
        "3": 2.9651360235095408,
        "29": 2.965137013892627,
        "7": 2.96513546943618,
        "25": 2.9651334574743804,
        "4": 6.14243350305336e-7,
        "13": 2.9651360235095234,
        "15": 2.9651355873361545,
        "2": 2.965137013892645,
        "27": 2.9651354694361935,
        "21": 2.965135614820513,
        "26": 2.221465500050464e-6,
        "10": 2.9651354684304434,
        "18": 2.9651334518193577
    },
    "compressor_concentration": {
        "5": 0.09999908759233518,
        "4": 0.09999894099397214,
        "6": 0.09999904664968576,
        "2": 0.09999894099397214,
        "3": 0.09999894099397215,
        "1": 0.09999894099397216
    },
    "pipe_flows": {
        "5": 4.675828346628342,
        "35": 185.23716071961354,
        "20": 132.59074756190108,
        "16": 29.651642919126353,
        "12": 29.651643084184677,
        "24": 107.60805982756118,
        "28": 188.0753805416483,
        "8": 29.651641203438185,
        "17": 56.62869983564746,
        "37": 123.28241573625638,
        "1": 86.02174856517848,
        "23": 125.93386365903027,
        "32": 138.74196459968798,
        "22": 137.25970049921392,
        "6": 59.30328240687624,
        "19": 210.5471667189385,
        "11": 41.422870126232986,
        "36": 212.04050019134405,
        "30": 158.42373194611437,
        "31": 59.30329165513827,
        "9": 0.14586719726417657,
        "14": 64.68180583055639,
        "3": 93.63075195694324,
        "39": 59.10644173436189,
        "29": 188.0753805416483,
        "33": 135.45013634601733,
        "25": 329.1537294266524,
        "7": 16.447057279480745,
        "34": 155.58551218867464,
        "4": 26.71846272692595,
        "13": 71.07451250868219,
        "15": 26.977057178352027,
        "2": 35.22700678784726,
        "27": 135.45013634601733,
        "21": 29.651640682768793,
        "38": 123.28239352138674,
        "26": 145.42001758708068,
        "10": 6.142492854909862e-6,
        "18": 121.50734936185451
    },
    "pipe_concentration": {
        "5": 0.09999903374968593,
        "35": 0.09999894099397214,
        "20": 0.09999908759233515,
        "16": 0.09999904664968576,
        "12": 0.09999894099397214,
        "24": 0.09999908759233515,
        "28": 0.09999894099397215,
        "8": 0.09999903374968594,
        "17": 0.09999903374968591,
        "37": 0.09999903374968593,
        "1": 0.09999904664968576,
        "23": 0.09999894099397216,
        "32": 0.09999894099397215,
        "22": 0.09999908759233515,
        "6": 0.09999903374968593,
        "19": 0.09999908759233515,
        "11": 0.09999903374968593,
        "36": 0.09999903374968591,
        "30": 0.09999894099397214,
        "31": 0.09999894099397214,
        "9": 0.09999903374968593,
        "14": 0.09999903374968591,
        "3": 0.09999903374968593,
        "39": 0.09999903374968593,
        "29": 0.09999894099397215,
        "33": 0.09999894099397215,
        "25": 0.09999908759233518,
        "7": 0.09999903374968594,
        "34": 0.09999894099397216,
        "4": 0.09999904664968576,
        "13": 0.09999903374968591,
        "15": 0.09999903374968591,
        "2": 0.09999903374968591,
        "27": 0.09999894099397215,
        "21": 0.09999908759233515,
        "38": 0.09999903374968593,
        "26": 0.09999894099397215,
        "10": 0.09999903374968591,
        "18": 0.09999903374968591
    },
    "node_decarbpremium": {
        "5": 0.000899236979130563,
        "16": 0.0008992358992930724,
        "20": 0.000899236582527898,
        "12": 0.000899236582527898,
        "24": 0.0008992358992930724,
        "28": 0.000899236582527898,
        "8": 0.0008992365825278978,
        "17": 0.0008992358992930724,
        "1": 0.0008992365825278978,
        "23": 0.0008992365825278978,
        "22": 0.0008992365825278978,
        "19": 0.0008992365825278978,
        "6": 0.000899236582527898,
        "11": 0.0008992358992930726,
        "9": 0.0008992358992930724,
        "14": 0.000899236979130563,
        "3": 0.0008992366775487553,
        "29": 0.000899236979130563,
        "7": 0.0008992365825278981,
        "25": 0.0008992358992930724,
        "4": 0.0008992365825278978,
        "13": 0.0008992366775487553,
        "15": 0.000899236582527898,
        "2": 0.000899236979130563,
        "27": 0.0008992365825278981,
        "21": 0.0008992365825278978,
        "26": 0.000899236582527898,
        "10": 0.0008992365825278981,
        "18": 0.0008992358992930726
    },
    "carbon_intensity": {
        "5": 0.04586743131321641,
        "16": 0.04586745094662534,
        "20": 0.045867438524173965,
        "12": 0.045867438524173965,
        "24": 0.045867450946625345,
        "28": 0.045867438524173965,
        "8": 0.04586743852417397,
        "17": 0.04586745094662534,
        "1": 0.045867438524173965,
        "23": 0.04586743852417397,
        "22": 0.04586743852417397,
        "19": 0.04586743852417397,
        "6": 0.045867438524173965,
        "11": 0.04586745094662534,
        "9": 0.04586745094662534,
        "14": 0.04586743131321642,
        "3": 0.04586743679652201,
        "29": 0.04586743131321642,
        "7": 0.045867438524173965,
        "25": 0.04586745094662534,
        "4": 0.04586743852417398,
        "13": 0.04586743679652201,
        "15": 0.04586743852417396,
        "2": 0.04586743131321642,
        "27": 0.045867438524173965,
        "21": 0.04586743852417397,
        "26": 0.045867438524173965,
        "10": 0.045867438524173965,
        "18": 0.04586745094662534
    },
    "total_decarbpremium": 0.026077857887117643,
    "compressor_ratio": {
        "5": 0.9999999960761532,
        "4": 0.9999999960621431,
        "6": 1.000546608252928,
        "2": 1.000000006946044,
        "3": 0.9999999975840017,
        "1": 0.9999999978684289
    },
    "total_ng": {
        "5": 26.686503658871718,
        "16": 26.686515137255114,
        "20": 26.686505734002434,